<?xml version="1.0" encoding="UTF-8"?>
<beans:beans xmlns="http://www.springframework.org/schema/mvc"
    xmlns:xsi="http://www.w3.org/2001/XMLSchema-instance" xmlns:beans="http://www.springframework.org/schema/beans"
    xmlns:context="http://www.springframework.org/schema/context" xmlns:tx="http://www.springframework.org/schema/tx"
    xsi:schemaLocation="http://www.springframework.org/schema/mvc http://www.springframework.org/schema/mvc/spring-mvc.xsd
        http://www.springframework.org/schema/beans http://www.springframework.org/schema/beans/spring-beans.xsd
        http://www.springframework.org/schema/context http://www.springframework.org/schema/context/spring-context.xsd
        http://www.springframework.org/schema/tx http://www.springframework.org/schema/tx/spring-tx-4.2.xsd">
 
    <!-- DispatcherServlet Context: defines this servlet's request-processing 
        infrastructure -->
 <!-- Enables the Spring MVC @Controller programming model -->
    <annotation-driven />
 <context:component-scan base-package="com.zycus.zcis" />
     <context:property-placeholder location="properties/jdbc.properties" />


<!-- <beans:bean id="myDataSource" class="org.apache.commons.dbcp.BasicDataSource" destroy-method="close">
        <beans:property name="driverClassName" value="${driver}"/>
        <beans:property name="url" value="${url}"/>
        <beans:property name="username" value="${username}"/>
        <beans:property name="password" value="${password}"/>
</beans:bean> -->
 
    
<!--  <beans:bean id="myDataSource" class="org.apache.commons.dbcp.BasicDataSource" destroy-method="close">
        <beans:property name="driverClassName" value="oracle.jdbc.driver.OracleDriver"/>
        <beans:property name="url" value="jdbc:oracle:thin:@192.168.1.187:1522:ORATEST1"/>
        <beans:property name="username" value="ZCIS_DEV"/>
        <beans:property name="password" value="ZCIS_DEV"/>
</beans:bean> -->
 
 
<beans:bean id="myDataSource" class = "com.mchange.v2.c3p0.ComboPooledDataSource" destroy-method="close">
        <beans:property name="driverClass" value="oracle.jdbc.driver.OracleDriver" />
        <beans:property name="jdbcUrl" value="jdbc:oracle:thin:@192.168.1.187:1522:ORATEST1" />
        <beans:property name="user" value="ZCIS_DEV" />
        <beans:property name="password" value="ZCIS_DEV" />
        
       <!--  <beans:property name="driverClass" value="${driver}"/>
        <beans:property name="jdbcUrl" value="${url}"/>
        <beans:property name="user" value="${username}"/>
        <beans:property name="password" value="${password}"/> -->

        <!-- these are C3P0 properties-->        
        <beans:property name="minPoolSize" value="5" />
        <beans:property name="maxPoolSize" value="20" />
        <beans:property name="maxIdleTime" value="1800" />
        <beans:property name="maxStatements" value="100" />
        <beans:property name="testConnectionOnCheckout" value="true" />
        
 </beans:bean>
 
    <!-- Handles HTTP GET requests for /resources/** by efficiently serving 
        up static resources in the ${webappRoot}/resources directory -->
    <!-- <resources mapping="/resources/**" location="/resources/" /> -->
 
    <!-- Resolves views selected for rendering by @Controllers to .jsp resources 
        in the /WEB-INF/views directory -->
    <beans:bean
        class="org.springframework.web.servlet.view.InternalResourceViewResolver">
        <beans:property name="prefix" value="/jsp/" />
        <beans:property name="suffix" value=".jsp" />
    </beans:bean>
 
 
 
 
    <!-- Hibernate 4 SessionFactory Bean definition -->
    <beans:bean id="hibernate4AnnotatedSessionFactory"
        class="org.springframework.orm.hibernate4.LocalSessionFactoryBean">
        <beans:property name="dataSource" ref="myDataSource" />
        <beans:property name="packagesToScan">
            <beans:list>
                <beans:value>com.zycus.zcis.common.bo</beans:value>
            </beans:list>
        </beans:property>
        <!-- <beans:property name="annotatedClasses">
            <beans:list>
                <beans:value>com.zycus.zcis.bo.ZcisUser</beans:value>
            </beans:list>
        </beans:property> -->
        <beans:property name="hibernateProperties">
            <beans:props>
                <beans:prop key="hibernate.dialect">org.hibernate.dialect.Oracle10gDialect
                </beans:prop>
                <beans:prop key="hibernate.show_sql">true</beans:prop>
            </beans:props>
        </beans:property>
    </beans:bean>
     
    <!-- <beans:bean id="personDAO" class="com.journaldev.spring.dao.PersonDAOImpl">
        <beans:property name="sessionFactory" ref="hibernate4AnnotatedSessionFactory" />
    </beans:bean>
    <beans:bean id="personService" class="com.journaldev.spring.service.PersonServiceImpl">
        <beans:property name="personDAO" ref="personDAO"></beans:property>
    </beans:bean> -->
    
     
   <tx:annotation-driven transaction-manager="transactionManager"/>
     
    <beans:bean id="transactionManager" class="org.springframework.orm.hibernate4.HibernateTransactionManager">
        <beans:property name="sessionFactory" ref="hibernate4AnnotatedSessionFactory" />
    </beans:bean>
 
</beans:beans>